Local Date,North LMP
2020-01-01,13.846145833333333
2020-01-02,17.545625
2020-01-03,16.335208333333334
2020-01-04,16.023125
2020-01-05,14.141458333333333
2020-01-06,16.14125
2020-01-07,16.78625
2020-01-08,24.780625
2020-01-09,15.988541666666668
2020-01-10,13.391874999999999
2020-01-11,13.241770833333334
2020-01-12,15.059583333333334
2020-01-13,12.448854166666665
2020-01-14,15.9234375
2020-01-15,13.645416666666668
2020-01-16,15.7590625
2020-01-17,18.612916666666667
2020-01-18,12.212916666666667
2020-01-19,15.997916666666667
2020-01-20,16.489895833333332
2020-01-21,15.007291666666667
2020-01-22,28.353020833333332
2020-01-23,14.902708333333335
2020-01-24,23.059270833333333
2020-01-25,14.1078125
2020-01-26,17.397708333333334
2020-01-27,11.395104166666668
2020-01-28,14.7190625
2020-01-29,15.657083333333333
2020-01-30,18.735520833333336
2020-01-31,14.313541666666666
2020-02-01,14.441145833333332
2020-02-02,13.207291666666668
2020-02-03,7.5171874999999995
2020-02-04,15.384270833333334
2020-02-05,21.639062499999998
2020-02-06,22.103229166666665
2020-02-07,17.518229166666668
2020-02-08,13.405625
2020-02-09,10.0875
2020-02-10,59.01947916666666
2020-02-11,20.485625
2020-02-12,20.266979166666665
2020-02-13,16.1209375
2020-02-14,32.61229166666667
2020-02-15,15.902187499999998
2020-02-16,14.747708333333334
2020-02-17,11.979479166666666
2020-02-18,12.049895833333332
2020-02-19,20.299895833333334
2020-02-20,12.585833333333333
2020-02-21,19.1828125
2020-02-22,16.073541666666667
2020-02-23,19.317604166666666
2020-02-24,14.754270833333335
2020-02-25,11.942187500000001
2020-02-26,14.820625
2020-02-27,14.420625000000001
2020-02-28,17.030416666666667
2020-02-29,10.138958333333333
2020-03-01,9.451041666666667
2020-03-02,25.17895833333333
2020-03-03,17.02375
2020-03-04,16.376562500000002
2020-03-05,13.1978125
2020-03-06,13.615520833333333
2020-03-07,12.956041666666666
2020-03-08,14.925869565217392
2020-03-09,16.730833333333333
2020-03-10,15.321562499999999
2020-03-11,24.458125
2020-03-12,48.46697916666667
2020-03-13,46.162187499999995
2020-03-14,26.0434375
2020-03-15,37.42
2020-03-16,37.09385416666667
2020-03-17,39.66979166666666
2020-03-18,20.4921875
2020-03-19,16.5678125
2020-03-20,15.240729166666666
2020-03-21,18.8790625
2020-03-22,18.0209375
2020-03-23,31.760625
2020-03-24,88.26572916666667
2020-03-25,14.540520833333334
2020-03-26,17.588333333333335
2020-03-27,31.333645833333335
2020-03-28,10.795208333333333
2020-03-29,15.641354166666666
2020-03-30,21.0946875
2020-03-31,19.137083333333333
2020-04-01,6.379375
2020-04-02,9.736458333333333
2020-04-03,14.304791666666667
2020-04-04,17.97760416666667
2020-04-05,12.979895833333332
2020-04-06,11.036979166666667
2020-04-07,14.8028125
2020-04-08,38.1621875
2020-04-09,34.87385416666667
2020-04-10,14.133020833333333
2020-04-11,14.379791666666668
2020-04-12,15.712187499999999
2020-04-13,12.172083333333333
2020-04-14,17.0440625
2020-04-15,13.915729166666667
2020-04-16,8.035
2020-04-17,11.419375
2020-04-18,18.069166666666668
2020-04-19,26.7253125
2020-04-20,19.720208333333336
2020-04-21,19.589375
2020-04-22,15.813854166666667
2020-04-23,17.5090625
2020-04-24,9.660833333333334
2020-04-25,15.196458333333332
2020-04-26,8.841041666666667
2020-04-27,84.47281249999999
2020-04-28,14.3265625
2020-04-29,14.964270833333332
2020-04-30,13.998125
2020-05-01,9.321770833333334
2020-05-02,12.652187499999998
2020-05-03,14.830416666666666
2020-05-04,15.568854166666666
2020-05-05,13.305
2020-05-06,15.366145833333334
2020-05-07,12.9209375
2020-05-08,15.767395833333333
2020-05-09,15.026354166666666
2020-05-10,24.873333333333335
2020-05-11,14.999583333333334
2020-05-12,18.70375
2020-05-13,12.013125
2020-05-14,16.030833333333334
2020-05-15,12.805104166666666
2020-05-16,12.3365625
2020-05-17,14.698854166666665
2020-05-18,12.781041666666667
2020-05-19,23.608125
2020-05-20,16.14260416666667
2020-05-21,16.07614583333333
2020-05-22,41.136041666666664
2020-05-23,13.6396875
2020-05-24,13.114270833333334
2020-05-25,13.116354166666667
2020-05-26,20.9559375
2020-05-27,15.110520833333332
2020-05-28,14.000729166666666
2020-05-29,17.128333333333334
2020-05-30,15.846666666666666
2020-05-31,16.293229166666666
2020-06-01,15.488229166666668
2020-06-02,16.515416666666667
2020-06-03,16.240937499999998
2020-06-04,18.775833333333335
2020-06-05,18.350520833333334
2020-06-06,23.4015625
2020-06-07,15.430729166666666
2020-06-08,15.9009375
2020-06-09,14.236666666666666
2020-06-10,14.35125
2020-06-11,9.426145833333333
2020-06-12,14.108958333333334
2020-06-13,13.80625
2020-06-14,13.478541666666667
2020-06-15,15.808229166666665
2020-06-16,15.043854166666668
2020-06-17,12.934791666666667
2020-06-18,15.060416666666667
2020-06-19,13.612083333333333
2020-06-20,14.385625
2020-06-21,10.4475
2020-06-22,12.705729166666666
2020-06-23,15.245833333333332
2020-06-24,18.011770833333333
2020-06-25,18.5728125
2020-06-26,14.3515625
2020-06-27,12.5403125
2020-06-28,12.239479166666667
2020-06-29,13.574791666666668
2020-06-30,16.967604166666668
2020-07-01,20.928645833333334
2020-07-02,16.743750000000002
2020-07-03,34.246249999999996
2020-07-04,29.99625
2020-07-05,19.598854166666666
2020-07-06,23.4978125
2020-07-07,18.4440625
2020-07-08,25.3521875
2020-07-09,15.8371875
2020-07-10,16.9690625
2020-07-11,17.109479166666667
2020-07-12,14.856354166666668
2020-07-13,16.78125
2020-07-14,17.191979166666666
2020-07-15,16.8828125
2020-07-16,22.635312499999998
2020-07-17,18.6103125
2020-07-18,15.097812500000002
2020-07-19,18.017083333333336
2020-07-20,18.601770833333333
2020-07-21,19.424791666666668
2020-07-22,23.533958333333334
2020-07-23,22.192812500000002
2020-07-24,19.452604166666667
2020-07-25,15.079895833333333
2020-07-26,15.854895833333332
2020-07-27,25.756666666666664
2020-07-28,16.1690625
2020-07-29,15.008958333333332
2020-07-30,19.308541666666667
2020-07-31,17.578958333333333
2020-08-01,16.214583333333334
2020-08-02,16.15489583333333
2020-08-03,20.478645833333335
2020-08-04,19.875
2020-08-05,18.989479166666666
2020-08-06,18.943749999999998
2020-08-07,17.867604166666666
2020-08-08,17.965833333333332
2020-08-09,16.7859375
2020-08-10,17.610937500000002
2020-08-11,22.763125000000002
2020-08-12,35.43208333333333
2020-08-13,20.355208333333334
2020-08-14,91.98322916666666
2020-08-15,152.05979166666665
2020-08-16,57.68375
2020-08-17,20.937291666666667
2020-08-18,32.0671875
2020-08-19,24.583125
2020-08-20,19.8334375
2020-08-21,28.983125
2020-08-22,18.052291666666665
2020-08-23,19.509270833333336
2020-08-24,20.158854166666668
2020-08-25,40.87583333333333
2020-08-26,24.163124999999997
2020-08-27,24.694270833333334
2020-08-28,44.95458333333334
2020-08-29,51.42541666666667
2020-08-30,21.522604166666667
2020-08-31,108.22052083333334
2020-09-01,21.106145833333333
2020-09-02,20.881875
2020-09-03,20.365
2020-09-04,29.0553125
2020-09-05,19.5003125
2020-09-06,17.769895833333333
2020-09-07,17.656354166666667
2020-09-08,16.999583333333334
2020-09-09,14.471458333333333
2020-09-10,15.128958333333335
2020-09-11,17.495625
2020-09-12,106.63447916666667
2020-09-13,23.89645833333333
2020-09-14,20.621770833333333
2020-09-15,24.002499999999998
2020-09-16,21.905625
2020-09-17,20.1359375
2020-09-18,17.783645833333335
2020-09-19,15.649895833333334
2020-09-20,11.787708333333335
2020-09-21,14.561041666666666
2020-09-22,15.978645833333333
2020-09-23,16.29
2020-09-24,14.983020833333333
2020-09-25,14.040208333333332
2020-09-26,12.247291666666667
2020-09-27,17.1771875
2020-09-28,13.701458333333333
2020-09-29,16.246979166666666
2020-09-30,11.399895833333334
2020-10-01,16.392187500000002
2020-10-02,13.098437500000001
2020-10-03,11.939270833333333
2020-10-04,42.70364583333333
2020-10-05,27.38791666666667
2020-10-06,20.587812500000002
2020-10-07,32.07010416666667
2020-10-08,21.973229166666666
2020-10-09,56.88697916666666
2020-10-10,38.51416666666667
2020-10-11,16.745416666666667
2020-10-12,18.518125
2020-10-13,25.111770833333335
2020-10-14,20.006041666666665
2020-10-15,27.0115625
2020-10-16,19.166458333333335
2020-10-17,17.801354166666666
2020-10-18,21.886666666666667
2020-10-19,38.06
2020-10-20,25.7403125
2020-10-21,22.093541666666667
2020-10-22,25.672395833333336
2020-10-23,21.334374999999998
2020-10-24,19.205625
2020-10-25,15.814583333333333
2020-10-26,164.45760416666667
2020-10-27,68.43135416666667
2020-10-28,33.6303125
2020-10-29,23.62708333333333
2020-10-30,32.702395833333334
2020-10-31,29.679166666666664
2020-11-01,28.23688172043011
2020-11-02,19.520520833333332
2020-11-03,15.938125
2020-11-04,17.75916666666667
2020-11-05,73.07510416666666
2020-11-06,24.595
2020-11-07,20.989583333333332
2020-11-08,27.5071875
2020-11-09,32.26916666666667
2020-11-10,30.125
2020-11-11,41.3334375
2020-11-12,22.906666666666666
2020-11-13,28.00572916666667
2020-11-14,23.46375
2020-11-15,20.283333333333335
2020-11-16,17.909166666666668
2020-11-17,19.7390625
2020-11-18,11.9853125
2020-11-19,10.581770833333334
2020-11-20,15.722812500000002
2020-11-21,20.693854166666668
2020-11-22,18.526770833333334
2020-11-23,16.524479166666666
2020-11-24,11.960104166666667
2020-11-25,24.005416666666665
2020-11-26,47.64729166666667
2020-11-27,18.4803125
2020-11-28,18.4040625
2020-11-29,16.539479166666666
2020-11-30,16.9065625
2020-12-01,16.504895833333332
2020-12-02,18.509583333333335
2020-12-03,22.064270833333335
2020-12-04,24.8859375
2020-12-05,24.217291666666668
2020-12-06,18.553541666666668
2020-12-07,26.409479166666667
2020-12-08,20.244895833333334
2020-12-09,26.58864583333333
2020-12-10,17.9275
2020-12-11,20.972395833333334
2020-12-12,19.926041666666666
2020-12-13,18.919999999999998
2020-12-14,23.392395833333335
2020-12-15,27.01625
2020-12-16,20.86135416666667
2020-12-17,20.300520833333334
2020-12-18,24.838541666666668
2020-12-19,21.00979166666667
2020-12-20,19.342395833333335
2020-12-21,19.799791666666668
2020-12-22,15.1953125
2020-12-23,15.0803125
2020-12-24,39.864895833333335
2020-12-25,19.7475
2020-12-26,14.657291666666666
2020-12-27,14.616979166666667
2020-12-28,17.056562500000002
2020-12-29,10.587395833333334
2020-12-30,10.844583333333333
2020-12-31,15.944062500000001
2021-01-01,18.5278125
2021-01-02,15.826979166666666
2021-01-03,15.834375
2021-01-04,15.721874999999999
2021-01-05,15.869791666666666
2021-01-06,10.938854166666667
2021-01-07,25.952812499999997
2021-01-08,20.858854166666667
2021-01-09,33.314375
2021-01-10,24.42833333333333
2021-01-11,24.735625
2021-01-12,21.225729166666667
2021-01-13,21.411354166666666
2021-01-14,19.178437499999998
2021-01-15,23.221354166666668
2021-01-16,40.40466666666667
2021-01-17,26.448229166666668
2021-01-18,16.630416666666665
2021-01-19,16.656736842105264
2021-01-20,29.620625
2021-01-21,34.67967391304348
2021-01-22,19.210833333333333
2021-01-23,19.507708333333333
2021-01-24,18.232916666666668
2021-01-25,15.248958333333334
2021-01-26,26.4328125
2021-01-27,18.556875
2021-01-28,18.654479166666665
2021-01-29,15.84625
2021-01-30,9.478125
2021-01-31,18.678333333333335
2021-02-01,21.359062499999997
2021-02-02,18.596875
2021-02-03,21.450625000000002
2021-02-04,16.5309375
2021-02-05,19.4675
2021-02-06,61.52152173913043
2021-02-07,18.2115625
2021-02-08,18.215113636363636
2021-02-09,73.23114583333333
2021-02-10,82.8428125
2021-02-11,473.66833333333335
2021-02-12,383.8127083333333
2021-02-13,1931.465625
2021-02-14,2412.7923958333336
2021-02-15,6696.974347826087
2021-02-16,8993.5153125
2021-02-17,9025.9715625
2021-02-18,9000.436770833334
2021-02-19,3409.7070833333332
2021-02-20,9.406875000000001
2021-02-21,-7.300416666666667
2021-02-22,12.065729166666666
2021-02-23,-0.43749999999999983
2021-02-24,-2.3522916666666664
2021-02-25,14.920104166666667
2021-02-26,45.5284375
2021-02-27,5.806562499999999
2021-02-28,-5.882604166666667
2021-03-01,18.755416666666665
2021-03-02,26.095416666666665
2021-03-03,14.293750000000001
2021-03-04,11.143473684210525
2021-03-05,12.527187499999998
2021-03-06,24.28625
2021-03-07,15.469895833333332
2021-03-08,9.5896875
2021-03-09,13.248229166666667
2021-03-10,8.109479166666667
2021-03-11,42.482708333333335
2021-03-12,14.5234375
2021-03-13,17.678124999999998
2021-03-14,38.54336956521739
2021-03-15,23.109687500000003
2021-03-16,16.470520833333335
2021-03-17,11.666458333333333
2021-03-18,19.3175
2021-03-19,19.63
2021-03-20,25.039270833333333
2021-03-21,15.355937500000001
2021-03-22,26.047708333333333
2021-03-23,27.684791666666666
2021-03-24,13.4915625
2021-03-25,18.068958333333335
2021-03-26,31.48375
2021-03-27,22.738020833333334
2021-03-28,19.49052083333333
2021-03-29,18.800520833333334
2021-03-30,17.570104166666667
2021-03-31,15.931458333333333
2021-04-01,19.709895833333334
2021-04-02,17.7196875
2021-04-03,20.58760416666667
2021-04-04,46.618854166666665
2021-04-05,27.260416666666668
2021-04-06,20.084791666666668
2021-04-07,66.0096875
2021-04-08,30.528645833333332
2021-04-09,20.862604166666667
2021-04-10,37.518750000000004
2021-04-11,148.34739583333334
2021-04-12,48.18239583333334
2021-04-13,334.01875
2021-04-14,53.09364583333333
2021-04-15,31.686666666666667
2021-04-16,47.02489583333334
2021-04-17,26.170795454545456
2021-04-18,31.99489583333333
2021-04-19,21.6996875
2021-04-20,18.028020833333333
2021-04-21,58.154374999999995
2021-04-22,21.932083333333335
2021-04-23,18.508958333333332
2021-04-24,21.58520833333333
2021-04-25,11.717916666666667
2021-04-26,16.4684375
2021-04-27,26.38010416666667
2021-04-28,26.478229166666665
2021-04-29,40.12552083333333
2021-04-30,26.533749999999998
2021-05-01,22.157083333333333
2021-05-02,17.555
2021-05-03,22.19666666666667
2021-05-04,48.77197916666666
2021-05-05,23.645937500000002
2021-05-06,33.50302083333333
2021-05-07,17.6509375
2021-05-08,18.297395833333333
2021-05-09,21.7384375
2021-05-10,26.226979166666666
2021-05-11,21.6184375
2021-05-12,29.42635416666667
2021-05-13,25.6309375
2021-05-14,16.790625000000002
2021-05-15,17.513229166666665
2021-05-16,19.00583333333333
2021-05-17,19.906666666666666
2021-05-18,21.038958333333333
2021-05-19,24.0284375
2021-05-20,24.270208333333333
2021-05-21,31.567395833333336
2021-05-22,19.612916666666667
2021-05-23,16.10020833333333
2021-05-24,20.649479166666666
2021-05-25,35.3671875
2021-05-26,23.50021052631579
2021-05-27,27.918854166666666
2021-05-28,19.050520833333334
2021-05-29,36.670625
2021-05-30,34.97114583333333
2021-05-31,20.7525
2021-06-01,22.484166666666667
2021-06-02,44.146875
2021-06-03,21.619583333333335
2021-06-04,26.4171875
2021-06-05,27.946458333333336
2021-06-06,21.145104166666666
2021-06-07,24.610208333333333
2021-06-08,21.8821875
2021-06-09,25.92114583333333
2021-06-10,24.5125
2021-06-11,24.12625
2021-06-12,25.482604166666665
2021-06-13,212.038125
2021-06-14,168.86333333333332
2021-06-15,56.351770833333326
2021-06-16,27.387083333333333
2021-06-17,43.55927083333333
2021-06-18,28.256041666666665
2021-06-19,24.865624999999998
2021-06-20,21.932187499999998
2021-06-21,24.865729166666668
2021-06-22,28.24020833333333
2021-06-23,31.6778125
2021-06-24,28.035104166666667
2021-06-25,25.652291666666667
2021-06-26,26.368645833333332
2021-06-27,28.5596875
2021-06-28,24.560937499999998
2021-06-29,27.696979166666665
2021-06-30,40.71447916666667
2021-07-01,33.98552083333333
2021-07-02,31.545937499999997
2021-07-03,32.541354166666665
2021-07-04,25.317083333333333
2021-07-05,31.8059375
2021-07-06,38.66416666666667
2021-07-07,88.71864583333333
2021-07-08,30.954166666666666
2021-07-09,21.413645833333334
2021-07-10,28.24208333333333
2021-07-11,26.149583333333336
2021-07-12,27.77
2021-07-13,24.803229166666668
2021-07-14,22.896979166666668
2021-07-15,23.434583333333332
2021-07-16,31.43885416666667
2021-07-17,27.874687499999997
2021-07-18,35.70875
2021-07-19,29.6796875
2021-07-20,32.3659375
2021-07-21,32.5571875
2021-07-22,28.223829787234042
2021-07-23,27.433645833333333
2021-07-24,62.16395833333333
2021-07-25,33.16552083333333
2021-07-26,43.35854166666667
2021-07-27,89.58947916666666
2021-07-28,42.241145833333334
2021-07-29,67.38145833333333
2021-07-30,43.26864583333333
2021-07-31,40.22052083333333
2021-08-01,30.8240625
2021-08-02,31.9134375
2021-08-03,63.377916666666664
2021-08-04,43.048854166666665
2021-08-05,32.1909375
2021-08-06,31.276041666666668
2021-08-07,25.020625
2021-08-08,30.834166666666665
2021-08-09,35.61083333333333
2021-08-10,34.2440625
2021-08-11,29.317291666666666
2021-08-12,29.937187499999997
2021-08-13,36.012395833333336
2021-08-14,32.24229166666667
2021-08-15,30.52333333333333
2021-08-16,34.80177083333333
2021-08-17,36.43760416666667
2021-08-18,34.862500000000004
2021-08-19,70.71854166666667
2021-08-20,33.44520833333333
2021-08-21,32.278124999999996
2021-08-22,30.301666666666666
2021-08-23,26.163124999999997
2021-08-24,29.4653125
2021-08-25,36.30614583333333
2021-08-26,44.01895833333333
2021-08-27,36.2915625
2021-08-28,33.839687500000004
2021-08-29,41.33739583333333
2021-08-30,51.71979166666667
2021-08-31,41.241875
2021-09-01,35.94802083333334
2021-09-02,41.723125
2021-09-03,38.952708333333334
2021-09-04,43.59145833333333
2021-09-05,44.95760416666667
2021-09-06,42.83447916666666
2021-09-07,58.021770833333335
2021-09-08,41.97625
2021-09-09,39.59197916666667
2021-09-10,28.920208333333335
2021-09-11,37.38520833333333
2021-09-12,44.9896875
2021-09-13,48.651354166666664
2021-09-14,35.40021052631579
2021-09-15,47.82958333333334
2021-09-16,48.4634375
2021-09-17,48.009791666666665
2021-09-18,49.565104166666664
2021-09-19,48.99135416666667
2021-09-20,64.49739583333333
2021-09-21,40.10635416666667
2021-09-22,38.981770833333336
2021-09-23,26.466979166666665
2021-09-24,30.586145833333333
2021-09-25,37.357708333333335
2021-09-26,30.717812499999997
2021-09-27,41.696979166666665
2021-09-28,43.060624999999995
2021-09-29,48.82729166666667
2021-09-30,42.125
2021-10-01,50.03354166666667
2021-10-02,65.31395833333333
2021-10-03,72.8475
2021-10-04,54.34979166666667
2021-10-05,58.50697916666667
2021-10-06,89.6596875
2021-10-07,49.661875
2021-10-08,43.3671875
2021-10-09,41.41739583333334
2021-10-10,39.22927083333333
2021-10-11,48.36041666666667
2021-10-12,46.93770833333334
2021-10-13,58.58322916666666
2021-10-14,57.95541666666667
2021-10-15,62.03510416666666
2021-10-16,48.90447916666667
2021-10-17,35.29510416666667
2021-10-18,22.593229166666664
2021-10-19,25.725520833333334
2021-10-20,52.08541666666667
2021-10-21,44.67386363636364
2021-10-22,40.631145833333335
2021-10-23,37.555625
2021-10-24,102.62489583333333
2021-10-25,54.117604166666666
2021-10-26,48.59822916666667
2021-10-27,33.57791666666667
2021-10-28,22.72072916666667
2021-10-29,24.405625
2021-10-30,41.505208333333336
2021-10-31,37.36666666666667
2021-11-01,104.89395833333333
2021-11-02,88.180625
2021-11-03,57.25427083333333
2021-11-04,59.52739583333334
2021-11-05,47.44072916666667
2021-11-06,41.344791666666666
2021-11-07,28.260729166666668
2021-11-08,34.01894736842105
2021-11-09,75.90072916666666
2021-11-10,34.3175
2021-11-11,39.147395833333334
2021-11-12,36.36541666666667
2021-11-13,44.677708333333335
2021-11-14,49.42666666666667
2021-11-15,40.44770833333333
2021-11-16,25.278020833333333
2021-11-17,27.671666666666667
2021-11-18,29.360625
2021-11-19,29.689999999999998
2021-11-20,38.29979166666667
2021-11-21,26.908125
2021-11-22,36.9134375
2021-11-23,24.964791666666667
2021-11-24,21.161979166666665
2021-11-25,25.55395833333333
2021-11-26,34.54260416666667
2021-11-27,40.196041666666666
2021-11-28,38.936770833333334
2021-11-29,44.644375
2021-11-30,33.26947916666666
2021-12-01,32.68260416666667
2021-12-02,34.20521739130435
2021-12-03,28.47520833333333
2021-12-04,39.09395833333333
2021-12-05,21.994583333333335
2021-12-06,25.318541666666665
2021-12-07,37.446041666666666
2021-12-08,30.571979166666665
2021-12-09,42.46302083333333
2021-12-10,24.831979166666667
2021-12-11,24.982083333333335
2021-12-12,19.89708333333333
2021-12-13,25.28125
2021-12-14,24.615
2021-12-15,19.523854166666666
2021-12-16,29.558229166666667
2021-12-17,25.398541666666663
2021-12-18,17.098645833333332
2021-12-19,23.724375
2021-12-20,24.517187500000002
2021-12-21,27.295729166666664
2021-12-22,30.002499999999998
2021-12-23,21.5228125
2021-12-24,7.610833333333333
2021-12-25,36.121770833333336
2021-12-26,12.716354166666667
2021-12-27,27.883020833333333
2021-12-28,45.569895833333334
2021-12-29,35.9690625
2021-12-30,29.24291666666667
2021-12-31,31.024375000000003
2022-01-01,21.84239583333333
2022-01-02,24.027916666666666
2022-01-03,28.7440625
2022-01-04,22.2325
2022-01-05,23.342916666666667
2022-01-06,27.324270833333333
2022-01-07,67.7578125
2022-01-08,29.23645833333333
2022-01-09,17.662187499999998
2022-01-10,33.394687499999996
2022-01-11,29.324791666666666
2022-01-12,29.244791666666668
2022-01-13,38.51552083333333
2022-01-14,21.061875
2022-01-15,29.8875
2022-01-16,33.1909375
2022-01-17,27.78
2022-01-18,20.908958333333334
2022-01-19,21.946458333333336
2022-01-20,31.663854166666667
2022-01-21,34.35458333333333
2022-01-22,34.66791666666666
2022-01-23,27.12364583333333
2022-01-24,27.56447916666667
2022-01-25,24.303541666666664
2022-01-26,51.92645833333333
2022-01-27,31.34166666666667
2022-01-28,38.548125
2022-01-29,40.47052083333333
2022-01-30,30.266145833333336
2022-01-31,32.326770833333335
2022-02-01,18.83375
2022-02-02,8.208645833333334
2022-02-03,38.011562500000004
2022-02-04,51.42124999999999
2022-02-05,28.895729166666666
2022-02-06,21.91270833333333
2022-02-07,34.62739583333333
2022-02-08,29.253854166666667
2022-02-09,53.177812499999995
2022-02-10,32.062916666666666
2022-02-11,14.045729166666668
2022-02-12,22.296458333333334
2022-02-13,29.65427083333333
2022-02-14,19.695104166666667
2022-02-15,10.719791666666666
2022-02-16,9.006145833333333
2022-02-17,25.112916666666667
2022-02-18,35.169270833333336
2022-02-19,25.160520833333333
2022-02-20,16.9759375
2022-02-21,15.85375
2022-02-22,20.653958333333332
2022-02-23,105.07572916666668
2022-02-24,537.8077083333334
2022-02-25,43.42302083333333
2022-02-26,42.022708333333334
2022-02-27,28.446875000000002
2022-02-28,27.851458333333337
2022-03-01,35.033854166666664
2022-03-02,33.44833333333333
2022-03-03,49.435
2022-03-04,28.378020833333334
2022-03-05,32.99229166666667
2022-03-06,24.766562500000003
2022-03-07,34.79833333333333
2022-03-08,60.166875000000005
2022-03-09,51.96125
2022-03-10,33.43572916666667
2022-03-11,30.20375
2022-03-12,31.053854166666667
2022-03-13,10.984347826086957
2022-03-14,17.588229166666668
2022-03-15,43.375729166666666
2022-03-16,24.088333333333335
2022-03-17,14.501875
2022-03-18,28.542395833333334
2022-03-19,42.79208333333333
2022-03-20,12.259270833333334
2022-03-21,25.302916666666665
2022-03-22,25.241041666666664
2022-03-23,16.316666666666666
2022-03-24,34.10552083333334
2022-03-25,38.311770833333334
2022-03-26,61.478125
2022-03-27,27.269479166666667
2022-03-28,32.96697916666667
2022-03-29,28.2025
2022-03-30,43.51989583333333
2022-03-31,49.549375
2022-04-01,30.349999999999998
2022-04-02,49.326145833333335
2022-04-03,23.804374999999997
2022-04-04,113.191875
2022-04-05,44.71322916666667
2022-04-06,29.309583333333332
2022-04-07,24.840104166666666
2022-04-08,43.815625000000004
2022-04-09,36.6684375
2022-04-10,103.30677083333332
2022-04-11,62.23072916666666
2022-04-12,45.58020833333333
2022-04-13,59.67864583333333
2022-04-14,27.30666666666667
2022-04-15,51.188229166666666
2022-04-16,47.637708333333336
2022-04-17,60.526562500000004
2022-04-18,47.510416666666664
2022-04-19,47.34760416666666
2022-04-20,63.95520833333333
2022-04-21,35.62739583333333
2022-04-22,92.78375
2022-04-23,36.8284375
2022-04-24,42.42697916666667
2022-04-25,36.8934375
2022-04-26,45.635
2022-04-27,40.053125
2022-04-28,40.061875
2022-04-29,34.68510416666667
2022-04-30,49.86989583333334
2022-05-01,45.72677083333334
2022-05-02,76.66562499999999
2022-05-03,72.70197916666667
2022-05-04,61.208124999999995
2022-05-05,61.64489583333333
2022-05-06,60.360625
2022-05-07,48.20260416666667
2022-05-08,48.088125
2022-05-09,72.91291666666667
2022-05-10,72.92583333333333
2022-05-11,61.555104166666666
2022-05-12,78.69510416666667
2022-05-13,532.1682291666667
2022-05-14,54.670625
2022-05-15,35.121874999999996
2022-05-16,59.646875
2022-05-17,56.329479166666665
2022-05-18,76.14416666666666
2022-05-19,63.1753125
2022-05-20,117.05791666666666
2022-05-21,55.485104166666666
2022-05-22,46.51708333333334
2022-05-23,63.176770833333336
2022-05-24,83.81895833333333
2022-05-25,30.516875
2022-05-26,75.16791666666667
2022-05-27,66.20833333333333
2022-05-28,32.75447916666666
2022-05-29,39.1725
2022-05-30,49.6109375
2022-05-31,61.00385416666666
2022-06-01,65.53635416666667
2022-06-02,73.65458333333333
2022-06-03,65.63583333333334
2022-06-04,64.57375
2022-06-05,34.75145833333333
2022-06-06,60.6571875
2022-06-07,78.731875
2022-06-08,59.50229166666667
2022-06-09,73.52145833333333
2022-06-10,67.63604166666667
2022-06-11,57.89895833333333
2022-06-12,62.65020833333333
2022-06-13,75.018125
2022-06-14,61.6759375
2022-06-15,49.93635416666667
2022-06-16,57.930104166666666
2022-06-17,65.1725
2022-06-18,61.809583333333336
2022-06-19,55.74197916666666
2022-06-20,69.92364583333334
2022-06-21,69.92135416666666
2022-06-22,77.51583333333333
2022-06-23,70.32208333333334
2022-06-24,58.67083333333333
2022-06-25,61.82427083333334
2022-06-26,52.08145833333333
2022-06-27,63.60927083333333
2022-06-28,62.26
2022-06-29,69.82614583333334
2022-06-30,67.98322916666667
2022-07-01,64.52312500000001
2022-07-02,60.45885416666667
2022-07-03,51.559687499999995
2022-07-04,46.84
2022-07-05,58.359375
2022-07-06,56.263645833333335
2022-07-07,66.151875
2022-07-08,237.2721875
2022-07-09,387.53989583333333
2022-07-10,205.28270833333332
2022-07-11,113.00177083333334
2022-07-12,179.06916666666666
2022-07-13,1160.7022916666667
2022-07-14,54.23614583333333
2022-07-15,60.670625
2022-07-16,63.701458333333335
2022-07-17,242.28468750000002
2022-07-18,279.3253125
2022-07-19,68.34145833333334
2022-07-20,264.19416666666666
2022-07-21,80.39927083333333
2022-07-22,64.81979166666666
2022-07-23,58.91385416666666
2022-07-24,72.35552083333333
2022-07-25,71.32822916666667
2022-07-26,78.14864583333333
2022-07-27,84.7134375
2022-07-28,90.211875
2022-07-29,75.23406250000001
2022-07-30,84.46697916666666
2022-07-31,65.42177083333333
2022-08-01,67.0890625
2022-08-02,88.22770833333334
2022-08-03,107.54802083333334
2022-08-04,77.9175
2022-08-05,74.03822916666667
2022-08-06,61.29479166666667
2022-08-07,70.34604166666666
2022-08-08,132.03854166666667
2022-08-09,132.22875000000002
2022-08-10,73.14541666666666
2022-08-11,121.256875
2022-08-12,111.20947916666667
2022-08-13,105.49333333333334
2022-08-14,72.471875
2022-08-15,71.67427083333332
2022-08-16,104.80145833333334
2022-08-17,117.06635416666667
2022-08-18,88.88083333333333
2022-08-19,76.27989583333333
2022-08-20,69.484375
2022-08-21,79.19479166666666
2022-08-22,93.96614583333333
2022-08-23,106.2346875
2022-08-24,91.24385416666667
2022-08-25,110.29260416666666
2022-08-26,95.176875
2022-08-27,71.78489583333334
2022-08-28,78.12645833333333
2022-08-29,78.155
2022-08-30,74.1853125
2022-08-31,84.4990625
2022-09-01,81.91125
2022-09-02,76.31875000000001
2022-09-03,79.77968750000001
2022-09-04,60.95072916666667
2022-09-05,65.78864583333333
2022-09-06,146.80416666666667
2022-09-07,78.82260416666666
2022-09-08,67.00375
2022-09-09,61.96635416666667
2022-09-10,59.930104166666666
2022-09-11,74.5578125
2022-09-12,67.96958333333333
2022-09-13,59.263125
2022-09-14,55.963854166666664
2022-09-15,56.50239583333334
2022-09-16,59.835625
2022-09-17,54.28104166666666
2022-09-18,61.00447916666667
2022-09-19,66.95604166666666
2022-09-20,61.4234375
2022-09-21,61.51166666666666
2022-09-22,58.20416666666667
2022-09-23,60.069375
2022-09-24,52.107708333333335
2022-09-25,52.970625000000005
2022-09-26,52.537708333333335
2022-09-27,50.181666666666665
2022-09-28,50.1953125
2022-09-29,43.2840625
2022-09-30,39.451875
2022-10-01,38.65958333333334
2022-10-02,42.67916666666667
2022-10-03,42.00385416666666
2022-10-04,41.16395833333333
2022-10-05,49.90260416666666
2022-10-06,90.59083333333332
2022-10-07,53.37125
2022-10-08,53.507083333333334
2022-10-09,52.61729166666667
2022-10-10,49.63333333333333
2022-10-11,38.030520833333334
2022-10-12,114.35614583333334
2022-10-13,73.01427083333333
2022-10-14,42.81072916666667
2022-10-15,82.19854166666666
2022-10-16,57.901041666666664
2022-10-17,44.276875
2022-10-18,43.513020833333336
2022-10-19,34.537083333333335
2022-10-20,43.580729166666664
2022-10-21,32.40333333333333
2022-10-22,31.613125
2022-10-23,31.2246875
2022-10-24,36.013020833333336
2022-10-25,32.305729166666666
2022-10-26,26.257395833333334
2022-10-27,33.655833333333334
2022-10-28,52.31552083333333
2022-10-29,51.4140625
2022-10-30,48.65375
2022-10-31,43.83229166666666
2022-11-01,27.549270833333335
2022-11-02,19.801041666666666
2022-11-03,28.448645833333334
2022-11-04,10.824270833333335
2022-11-05,15.704791666666667
2022-11-06,50.5963
2022-11-07,41.13625
2022-11-08,25.58
2022-11-09,31.046875
2022-11-10,38.01625
2022-11-11,25.370833333333334
2022-11-12,34.56645833333334
2022-11-13,24.080833333333334
2022-11-14,36.219166666666666
2022-11-15,56.22333333333333
2022-11-16,88.50875
2022-11-17,41.0603125
2022-11-18,41.7640625
2022-11-19,71.46020833333334
2022-11-20,58.42572916666666
2022-11-21,50.0559375
2022-11-22,44.372395833333336
2022-11-23,48.407916666666665
2022-11-24,51.555416666666666
2022-11-25,23.323958333333334
2022-11-26,55.6284375
2022-11-27,60.161145833333336
2022-11-28,37.390625
2022-11-29,31.178124999999998
2022-11-30,47.7696875
2022-12-01,55.48447916666667
2022-12-02,62.22875
2022-12-03,32.3115625
2022-12-04,32.33895833333333
2022-12-05,28.133645833333333
2022-12-06,43.750729166666666
2022-12-07,50.28666666666667
2022-12-08,38.22354166666667
2022-12-09,49.17302083333333
2022-12-10,52.12625
2022-12-11,45.23864583333333
2022-12-12,24.819166666666664
2022-12-13,41.786875
2022-12-14,30.659791666666667
2022-12-15,37.7421875
2022-12-16,42.79208333333333
2022-12-17,53.89760416666667
2022-12-18,21.334999999999997
2022-12-19,33.3325
2022-12-20,39.17197916666667
2022-12-21,39.42166666666667
2022-12-22,20.665937500000002
2022-12-23,578.3892708333334
2022-12-24,63.13666666666666
2022-12-25,31.46166666666667
2022-12-26,24.141562500000003
2022-12-27,25.185625
2022-12-28,9.259583333333333
2022-12-29,14.696666666666667
2022-12-30,25.710624999999997
2022-12-31,4.562291666666667
2023-01-01,12.697395833333333
2023-01-02,11.53375
2023-01-03,22.02541666666667
2023-01-04,21.725104166666668
2023-01-05,30.633125000000003
2023-01-06,17.245833333333334
2023-01-07,22.145104166666666
2023-01-08,18.0265625
2023-01-09,17.33760416666667
2023-01-10,13.436250000000001
2023-01-11,16.359375
2023-01-12,10.734375
2023-01-13,25.311979166666664
2023-01-14,12.793437500000001
2023-01-15,5.095208333333333
2023-01-16,30.045937499999997
2023-01-17,30.418645833333333
2023-01-18,15.421041666666667
2023-01-19,19.50916666666667
2023-01-20,15.172708333333333
2023-01-21,18.698020833333334
2023-01-22,29.95895833333333
2023-01-23,26.118854166666665
2023-01-24,21.895729166666666
2023-01-25,16.607812499999998
2023-01-26,20.730833333333333
2023-01-27,17.540104166666666
2023-01-28,18.7275
2023-01-29,26.1203125
2023-01-30,116.83822916666666
2023-01-31,40.69927083333334
2023-02-01,42.624375
2023-02-02,41.497708333333335
2023-02-03,19.013229166666665
2023-02-04,5.255520833333334
2023-02-05,9.633750000000001
2023-02-06,0.324375
2023-02-07,13.484479166666667
2023-02-08,30.7378125
2023-02-09,19.42020833333333
2023-02-10,11.802916666666667
2023-02-11,24.7934375
2023-02-12,10.185729166666667
2023-02-13,18.643645833333334
2023-02-14,13.381562500000001
2023-02-15,16.784166666666668
2023-02-16,11.2475
2023-02-17,25.35020833333333
2023-02-18,14.2134375
2023-02-19,14.444375
2023-02-20,9.023645833333333
2023-02-21,11.679895833333333
2023-02-22,10.6796875
2023-02-23,7.679270833333334
2023-02-24,37.328541666666666
2023-02-25,45.19875
2023-02-26,15.497083333333334
2023-02-27,10.7403125
2023-02-28,17.3025
2023-03-01,30.8775
2023-03-02,21.761354166666667
2023-03-03,13.948333333333332
2023-03-04,25.224270833333335
2023-03-05,9.975520833333333
2023-03-06,20.707708333333333
2023-03-07,22.8834375
2023-03-08,28.786145833333332
2023-03-09,38.8440625
2023-03-10,29.374375
2023-03-11,17.095520833333335
2023-03-12,18.957391304347826
2023-03-13,18.401145833333334
2023-03-14,21.239895833333332
2023-03-15,13.080625
2023-03-16,14.8290625
2023-03-17,15.988854166666668
2023-03-18,20.349479166666665
2023-03-19,15.569270833333334
2023-03-20,12.798645833333333
2023-03-21,30.803854166666667
2023-03-22,19.627083333333335
2023-03-23,33.74125
2023-03-24,24.751875
2023-03-25,37.9290625
2023-03-26,38.30520833333333
2023-03-27,88.6978125
2023-03-28,17.2271875
2023-03-29,17.3034375
2023-03-30,15.990208333333333
2023-03-31,14.550937500000002
2023-04-01,14.871354166666668
2023-04-02,8.9028125
2023-04-03,28.27625
2023-04-04,15.042187499999999
2023-04-05,13.124791666666667
2023-04-06,17.2853125
2023-04-07,20.343333333333334
2023-04-08,26.268020833333335
2023-04-09,15.184270833333334
2023-04-10,24.90041666666667
2023-04-11,20.263020833333332
2023-04-12,15.556041666666667
2023-04-13,21.863333333333333
2023-04-14,15.552604166666667
2023-04-15,17.091979166666665
2023-04-16,22.131666666666664
2023-04-17,10.074166666666667
2023-04-18,18.19364583333333
2023-04-19,24.579166666666666
2023-04-20,25.376145833333336
2023-04-21,35.74520833333333
2023-04-22,11.780520833333334
2023-04-23,22.400833333333335
2023-04-24,23.859583333333333
2023-04-25,22.2546875
2023-04-26,28.910208333333333
2023-04-27,20.675833333333333
2023-04-28,14.935208333333334
2023-04-29,18.006979166666667
2023-04-30,13.868125
2023-05-01,55.57333333333333
2023-05-02,30.735312500000003
2023-05-03,26.058020833333334
2023-05-04,60.95229166666667
2023-05-05,34.1159375
2023-05-06,17.078333333333333
2023-05-07,10.8984375
2023-05-08,25.55666666666667
2023-05-09,17.100104166666664
2023-05-10,18.9075
2023-05-11,50.37395833333333
2023-05-12,29.614166666666666
2023-05-13,24.59364583333333
2023-05-14,26.731979166666665
2023-05-15,28.621875
2023-05-16,26.8665625
2023-05-17,23.141666666666666
2023-05-18,31.410520833333333
2023-05-19,28.42114583333333
2023-05-20,33.64666666666667
2023-05-21,25.598958333333332
2023-05-22,25.63416666666667
2023-05-23,36.395625
2023-05-24,38.53458333333334
2023-05-25,28.08010416666667
2023-05-26,27.133750000000003
2023-05-27,17.084062499999998
2023-05-28,16.63864583333333
2023-05-29,30.580416666666665
2023-05-30,19.770729166666666
2023-05-31,19.57229166666667
2023-06-01,26.2609375
2023-06-02,35.02
2023-06-03,26.9178125
2023-06-04,18.380937499999998
2023-06-05,25.483854166666664
2023-06-06,25.137708333333336
2023-06-07,24.2465625
2023-06-08,20.379479166666666
2023-06-09,35.178645833333334
2023-06-10,30.061458333333334
2023-06-11,24.622083333333332
2023-06-12,17.746666666666666
2023-06-13,23.1903125
2023-06-14,53.93625
2023-06-15,23.712500000000002
2023-06-16,97.34145833333334
2023-06-17,27.26625
2023-06-18,48.346562500000005
2023-06-19,44.5334375
2023-06-20,962.7277083333333
2023-06-21,26.954583333333332
2023-06-22,25.374375
2023-06-23,19.565625
2023-06-24,24.336145833333333
2023-06-25,31.015
2023-06-26,36.891041666666666
2023-06-27,24.940104166666668
2023-06-28,22.52333333333333
2023-06-29,25.971249999999998
2023-06-30,23.24
2023-07-01,21.812916666666666
2023-07-02,28.623541666666668
2023-07-03,43.31395833333334
2023-07-04,20.849479166666665
2023-07-05,26.01625
2023-07-06,32.751666666666665
2023-07-07,31.594062500000003
2023-07-08,42.08625
2023-07-09,20.490833333333335
2023-07-10,171.9078125
2023-07-11,38.403645833333336
2023-07-12,118.74354166666667
2023-07-13,40.2846875
2023-07-14,31.363020833333334
2023-07-15,26.453125
2023-07-16,26.999062499999997
2023-07-17,30.738229166666667
2023-07-18,23.603958333333335
2023-07-19,22.394583333333333
2023-07-20,35.83145833333334
2023-07-21,25.700625000000002
2023-07-22,30.95177083333333
2023-07-23,23.777291666666667
2023-07-24,26.909270833333334
2023-07-25,27.269791666666666
2023-07-26,46.521458333333335
2023-07-27,29.167916666666667
2023-07-28,35.55072916666666
2023-07-29,28.254166666666666
2023-07-30,42.0475
2023-07-31,202.91020833333334
2023-08-01,43.12552083333333
2023-08-02,49.544062499999995
2023-08-03,69.43416666666667
2023-08-04,374.30833333333334
2023-08-05,28.945104166666667
2023-08-06,115.27197916666667
2023-08-07,222.52447916666665
2023-08-08,191.85458333333335
2023-08-09,100.1240625
2023-08-10,576.5919791666666
2023-08-11,251.5901041666667
2023-08-12,137.96541666666667
2023-08-13,108.15614583333333
2023-08-14,25.568645833333335
2023-08-15,51.5353125
2023-08-16,33.571041666666666
2023-08-17,925.4645833333334
2023-08-18,51.095729166666665
2023-08-19,37.84802083333333
2023-08-20,112.2609375
2023-08-21,58.15260416666666
2023-08-22,55.08979166666666
2023-08-23,50.29697916666667
2023-08-24,475.8439583333333
2023-08-25,612.7885416666667
2023-08-26,333.74854166666665
2023-08-27,110.73885416666667
2023-08-28,165.94145833333332
2023-08-29,122.71541666666667
2023-08-30,494.44197916666667
2023-08-31,92.76979166666666
2023-09-01,37.484791666666666
2023-09-02,30.366979166666667
2023-09-03,24.060104166666665
2023-09-04,20.911875
2023-09-05,180.26593749999998
2023-09-06,801.9227083333334
2023-09-07,359.0446875
2023-09-08,405.3460416666667
2023-09-09,27.971979166666667
2023-09-10,21.242395833333333
2023-09-11,20.152708333333333
2023-09-12,29.738958333333333
2023-09-13,28.57166666666667
2023-09-14,26.803020833333335
2023-09-15,32.39427083333333
2023-09-16,24.897395833333334
2023-09-17,48.212604166666665
2023-09-18,24.057916666666667
2023-09-19,16.788645833333334
2023-09-20,42.94291666666667
2023-09-21,36.88364583333333
2023-09-22,34.19479166666667
2023-09-23,76.32000000000001
2023-09-24,93.34177083333333
2023-09-25,47.51052083333334
2023-09-26,43.588541666666664
2023-09-27,28.718541666666667
2023-09-28,21.941458333333333
2023-09-29,17.855729166666666
2023-09-30,21.360520833333336
2023-10-01,21.871770833333333
2023-10-02,19.8796875
2023-10-03,23.416979166666668
2023-10-04,36.99333333333333
2023-10-05,27.93541666666667
2023-10-06,32.399166666666666
2023-10-07,22.925729166666667
2023-10-08,18.467708333333334
2023-10-09,32.718333333333334
2023-10-10,24.920416666666668
2023-10-11,19.174791666666668
2023-10-12,13.437604166666667
2023-10-13,22.018854166666667
2023-10-14,9.559375000000001
2023-10-15,10.761979166666668
2023-10-16,23.99927083333333
2023-10-17,23.039479166666666
2023-10-18,12.856979166666667
2023-10-19,54.5090625
2023-10-20,38.48583333333333
2023-10-21,18.186666666666667
2023-10-22,33.55614583333333
2023-10-23,36.676562499999996
2023-10-24,20.185416666666665
2023-10-25,63.57093750000001
2023-10-26,25.860625
2023-10-27,32.87489583333333
2023-10-28,33.62614583333333
2023-10-29,19.022291666666668
2023-10-30,17.896562499999998
2023-10-31,22.546354166666664
2023-11-01,19.981458333333332
2023-11-02,19.035208333333333
2023-11-03,16.234270833333333
2023-11-04,20.490104166666665
2023-11-05,36.2398
2023-11-06,25.75916666666667
2023-11-07,19.89625
2023-11-08,60.49645833333333
2023-11-09,26.097083333333334
2023-11-10,34.41979166666667
2023-11-11,48.97625
2023-11-12,43.1975
2023-11-13,57.825520833333336
2023-11-14,35.44958333333333
2023-11-15,33.31645833333334
2023-11-16,18.708854166666665
2023-11-17,29.008645833333333
2023-11-18,24.34302083333333
2023-11-19,25.205
2023-11-20,15.3834375
2023-11-21,23.29177083333333
2023-11-22,21.05333333333333
2023-11-23,18.991666666666667
2023-11-24,19.1603125
2023-11-25,33.574062500000004
2023-11-26,31.289374999999996
2023-11-27,27.106979166666665
2023-11-28,17.79072916666667
2023-11-29,17.425208333333334
2023-11-30,27.45510416666667
2023-12-01,24.72083333333333
2023-12-02,25.226041666666664
2023-12-03,14.2671875
2023-12-04,25.93760416666667
2023-12-05,51.09708333333333
2023-12-06,17.5775
2023-12-07,15.715625000000001
2023-12-08,20.968229166666667
2023-12-09,16.0928125
2023-12-10,18.303124999999998
2023-12-11,21.873125
2023-12-12,17.786875
2023-12-13,16.721666666666668
2023-12-14,15.7109375
2023-12-15,20.185624999999998
2023-12-16,16.43104166666667
2023-12-17,18.061875
2023-12-18,18.283645833333335
2023-12-19,15.274895833333334
2023-12-20,9.771145833333334
2023-12-21,17.437604166666667
2023-12-22,17.775625
2023-12-23,10.676145833333335
2023-12-24,12.310625
2023-12-25,22.31833333333333
2023-12-26,19.213229166666668
2023-12-27,19.038958333333333
2023-12-28,17.6209375
2023-12-29,23.37875
2023-12-30,33.083333333333336
2023-12-31,14.856250000000001
2024-01-01,27.313541666666666
2024-01-02,35.03697916666667
2024-01-03,23.485937500000002
2024-01-04,18.90427083333333
2024-01-05,17.990312499999998
2024-01-06,31.285416666666666
2024-01-07,28.266770833333336
2024-01-08,21.461145833333333
2024-01-09,23.439999999999998
2024-01-10,16.612395833333334
2024-01-11,10.743854166666667
2024-01-12,13.237812499999999
2024-01-13,3.1207291666666666
2024-01-14,82.60489583333333
2024-01-15,120.99270833333333
2024-01-16,150.54416666666665
2024-01-17,20.092291666666664
2024-01-18,15.3409375
2024-01-19,19.845312500000002
2024-01-20,36.20125
2024-01-21,40.88708333333333
2024-01-22,78.64322916666667
2024-01-23,34.17885416666667
2024-01-24,27.741666666666664
2024-01-25,20.511875
2024-01-26,26.71677083333333
2024-01-27,20.19875
2024-01-28,18.970208333333336
2024-01-29,17.385416666666668
2024-01-30,21.594375
2024-01-31,15.614791666666667
2024-02-01,15.558645833333335
2024-02-02,8.47625
2024-02-03,14.291979166666666
2024-02-04,6.100625
2024-02-05,16.01625
2024-02-06,19.260416666666668
2024-02-07,14.656458333333333
2024-02-08,15.020104166666668
2024-02-09,17.420312499999998
2024-02-10,15.634583333333333
2024-02-11,7.3940625
2024-02-12,14.159687499999999
2024-02-13,17.278020833333333
2024-02-14,8.655104166666666
2024-02-15,11.3115625
2024-02-16,10.497916666666667
2024-02-17,11.878749999999998
2024-02-18,15.364375
2024-02-19,23.409791666666667
2024-02-20,7.4539583333333335
2024-02-21,8.462708333333333
2024-02-22,15.6346875
2024-02-23,15.815520833333332
2024-02-24,8.9859375
2024-02-25,8.904479166666667
2024-02-26,10.311666666666666
2024-02-27,16.53375
2024-02-28,23.766770833333336
2024-02-29,27.326562499999998
2024-03-01,7.824479166666666
2024-03-02,8.399791666666667
2024-03-03,11.840729166666668
2024-03-04,62.9790625
2024-03-05,16.34177083333333
2024-03-06,18.106354166666666
2024-03-07,22.756666666666664
2024-03-08,14.018125
2024-03-09,12.490833333333335
2024-03-10,11.002391304347826
2024-03-11,7.224687500000001
2024-03-12,6.785520833333333
2024-03-13,10.503333333333334
2024-03-14,19.9959375
2024-03-15,12.8959375
2024-03-16,22.521770833333335
2024-03-17,16.8034375
2024-03-18,35.48291666666667
2024-03-19,16.764062499999998
2024-03-20,17.913333333333334
2024-03-21,27.521666666666665
2024-03-22,20.706041666666668
2024-03-23,14.794166666666667
2024-03-24,3.5954166666666665
2024-03-25,12.540312499999999
2024-03-26,25.1034375
2024-03-27,13.548333333333334
2024-03-28,12.197604166666666
2024-03-29,3.3486458333333338
2024-03-30,17.610833333333336
2024-03-31,15.316562499999998
2024-04-01,13.175520833333332
2024-04-02,10.278958333333334
2024-04-03,18.32677083333333
2024-04-04,24.551875
2024-04-05,13.497916666666667
2024-04-06,12.198958333333332
2024-04-07,29.976770833333333
2024-04-08,32.69875
2024-04-09,18.55604166666667
2024-04-10,12.578958333333333
2024-04-11,24.093958333333333
2024-04-12,7.235416666666667
2024-04-13,-2.1435416666666667
2024-04-14,13.915104166666666
2024-04-15,8.166354166666666
2024-04-16,89.73
2024-04-17,13.520208333333334
2024-04-18,9.074375
2024-04-19,20.2290625
2024-04-20,15.6040625
2024-04-21,15.4365625
2024-04-22,6.981458333333333
2024-04-23,10.7940625
2024-04-24,56.95291666666666
2024-04-25,19.40822916666667
2024-04-26,34.934270833333336
2024-04-27,11.935625
2024-04-28,128.01697916666666
2024-04-29,26.283645833333335
2024-04-30,5.3878125
2024-05-01,10.426354166666666
2024-05-02,21.851041666666664
2024-05-03,17.31416666666667
2024-05-04,13.731875
2024-05-05,28.018020833333335
2024-05-06,10.738645833333335
2024-05-07,31.050208333333334
2024-05-08,348.8398958333333
2024-05-09,30.516145833333336
2024-05-10,37.28395833333334
2024-05-11,24.93177083333333
2024-05-12,41.00541666666667
2024-05-13,49.31697916666667
2024-05-14,23.389583333333334
2024-05-15,17.888020833333332
2024-05-16,23.395833333333332
2024-05-17,25.7325
2024-05-18,21.9953125
2024-05-19,13.5546875
2024-05-20,13.251666666666667
2024-05-21,51.47885416666667
2024-05-22,23.139062499999998
2024-05-23,20.949583333333333
2024-05-24,28.430833333333336
2024-05-25,10.082708333333334
2024-05-26,16.346770833333334
2024-05-27,28.513125
2024-05-28,7.799895833333333
2024-05-29,39.04604166666667
2024-05-30,35.7403125
2024-05-31,21.323125
2024-06-01,17.93166666666667
2024-06-02,13.7059375
2024-06-03,21.473020833333333
2024-06-04,41.20677083333333
2024-06-05,19.89708333333333
2024-06-06,15.415
2024-06-07,21.189791666666668
2024-06-08,21.660416666666666
2024-06-09,32.2925
2024-06-10,46.77427083333333
2024-06-11,38.91416666666667
2024-06-12,42.685520833333335
2024-06-13,30.24
2024-06-14,32.195625
2024-06-15,23.47645833333333
2024-06-16,22.187812500000003
2024-06-17,35.414791666666666
2024-06-18,22.276354166666668
2024-06-19,20.743437500000002
2024-06-20,34.17104166666667
2024-06-21,23.513958333333335
2024-06-22,24.962083333333336
2024-06-23,27.026770833333334
2024-06-24,25.829895833333335
2024-06-25,28.67052083333333
2024-06-26,27.136354166666667
2024-06-27,28.791562499999998
2024-06-28,26.538645833333334
2024-06-29,27.682395833333334
2024-06-30,24.02479166666667
2024-07-01,23.623958333333334
2024-07-02,21.621458333333333
2024-07-03,21.594166666666666
2024-07-04,23.7740625
2024-07-05,14.742395833333333
2024-07-06,18.46
2024-07-07,14.5609375
2024-07-08,14.215416666666668
2024-07-09,20.197604166666668
2024-07-10,23.208125
2024-07-11,20.709479166666664
2024-07-12,17.016875
2024-07-13,16.13625
2024-07-14,23.259583333333335
2024-07-15,28.93614583333333
2024-07-16,23.26354166666667
2024-07-17,22.263229166666665
2024-07-18,25.092916666666667
2024-07-19,22.290833333333335
2024-07-20,17.629479166666666
2024-07-21,18.09958333333333
2024-07-22,25.671875
2024-07-23,28.92125
2024-07-24,41.809999999999995
2024-07-25,29.136458333333334
2024-07-26,21.6428125
2024-07-27,20.065208333333334
2024-07-28,19.4996875
2024-07-29,38.266354166666666
2024-07-30,19.158333333333335
2024-07-31,16.720312500000002
2024-08-01,19.203854166666666
2024-08-02,26.979583333333334
2024-08-03,23.091041666666666
2024-08-04,23.239375
2024-08-05,26.945833333333336
2024-08-06,36.336666666666666
2024-08-07,52.812083333333334
2024-08-08,25.071875000000002
2024-08-09,22.839270833333334
2024-08-10,28.714166666666667
2024-08-11,22.260104166666665
2024-08-12,21.6071875
2024-08-13,24.647291666666664
2024-08-14,24.345208333333332
2024-08-15,31.209999999999997
2024-08-16,27.758333333333336
2024-08-17,25.356666666666666
2024-08-18,31.620729166666667
2024-08-19,74.11979166666667
2024-08-20,220.21520833333332
2024-08-21,31.010729166666664
2024-08-22,25.093437499999997
2024-08-23,27.861041666666665
2024-08-24,17.962500000000002
2024-08-25,21.295624999999998
2024-08-26,24.226666666666663
2024-08-27,29.243229166666666
2024-08-28,21.240312499999998
2024-08-29,24.476145833333334
2024-08-30,23.989166666666666
2024-08-31,32.75447916666666
2024-09-01,23.667395833333334
2024-09-02,19.2275
2024-09-03,20.584895833333334
2024-09-04,23.765833333333333
2024-09-05,24.16614583333333
2024-09-06,17.875520833333333
2024-09-07,16.133958333333332
2024-09-08,16.185729166666665
2024-09-09,21.521979166666668
2024-09-10,21.388229166666665
2024-09-11,20.448958333333334
2024-09-12,17.090625
2024-09-13,15.297083333333333
2024-09-14,20.883125
2024-09-15,31.59510416666667
2024-09-16,25.16604166666667
2024-09-17,17.117291666666667
2024-09-18,16.007708333333333
2024-09-19,19.562604166666667
2024-09-20,30.416666666666668
2024-09-21,20.0396875
2024-09-22,24.09385416666667
2024-09-23,43.86364583333333
2024-09-24,33.65645833333333
2024-09-25,19.719270833333333
2024-09-26,28.623125
2024-09-27,28.247500000000002
2024-09-28,25.505
2024-09-29,32.749270833333334
2024-09-30,38.685520833333335
2024-10-01,26.03833333333333
2024-10-02,23.698958333333334
2024-10-03,21.354895833333334
2024-10-04,24.778541666666666
2024-10-05,23.912604166666668
2024-10-06,27.608229166666664
2024-10-07,32.402187500000004
2024-10-08,24.069479166666667
2024-10-09,22.775208333333335
2024-10-10,21.90833333333333
2024-10-11,15.775625
2024-10-12,13.966354166666667
2024-10-13,20.594166666666666
2024-10-14,29.867708333333336
2024-10-15,32.563541666666666
2024-10-16,20.4009375
2024-10-17,7.348333333333334
2024-10-18,4.732708333333333
2024-10-19,10.880208333333334
2024-10-20,17.804791666666667
2024-10-21,9.3203125
2024-10-22,33.17197916666667
2024-10-23,36.57802083333333
2024-10-24,21.106666666666666
2024-10-25,31.347708333333333
2024-10-26,41.418958333333336
2024-10-27,23.625625
2024-10-28,19.335729166666667
2024-10-29,26.183854166666666
2024-10-30,26.028125
2024-10-31,24.870729166666667
2024-11-01,20.770729166666666
2024-11-02,19.6821875
2024-11-03,28.0796
2024-11-04,35.31520833333333
2024-11-05,24.500937500000003
2024-11-06,10.576041666666667
2024-11-07,48.59125
2024-11-08,28.077604166666664
2024-11-09,20.923750000000002
2024-11-10,113.57666666666665
2024-11-11,37.33020833333333
2024-11-12,7.593020833333333
2024-11-13,18.6115625
2024-11-14,23.7434375
2024-11-15,17.381458333333335
2024-11-16,16.3284375
2024-11-17,162.92239583333333
2024-11-18,19.881979166666667
2024-11-19,14.556041666666667
2024-11-20,33.88697916666667
2024-11-21,35.721979166666664
2024-11-22,20.713854166666668
2024-11-23,15.05625
2024-11-24,16.423958333333335
2024-11-25,21.859166666666667
2024-11-26,28.294375000000002
2024-11-27,14.087187499999999
2024-11-28,29.6465625
2024-11-29,20.114895833333332
2024-11-30,32.405
2024-12-01,29.801770833333332
2024-12-02,38.92302083333333
2024-12-03,30.549374999999998
2024-12-04,42.13885416666667
2024-12-05,21.371979166666666
2024-12-06,30.34447916666667
2024-12-07,40.141666666666666
2024-12-08,28.408541666666665
2024-12-09,16.1634375
2024-12-10,15.392291666666667
2024-12-11,18.523229166666667
2024-12-12,16.035729166666666
2024-12-13,21.685729166666665
2024-12-14,48.33833333333334
2024-12-15,19.975416666666668
2024-12-16,28.88208333333333
2024-12-17,19.64260416666667
2024-12-18,18.423437500000002
2024-12-19,21.00614583333333
2024-12-20,27.737291666666668
2024-12-21,24.62291666666667
2024-12-22,12.766041666666666
2024-12-23,14.574166666666665
2024-12-24,23.72729166666667
2024-12-25,36.458645833333335
2024-12-26,45.052083333333336
2024-12-27,20.241458333333334
2024-12-28,22.634479166666665
2024-12-29,22.108854166666664
2024-12-30,4.535208333333333
2024-12-31,20.090104166666666
2025-01-01,26.001666666666665
2025-01-02,25.56447916666667
2025-01-03,23.224999999999998
2025-01-04,1.5788541666666667
2025-01-05,-11.162291666666667
2025-01-06,29.277604166666666
2025-01-07,30.893645833333334
2025-01-08,34.608387096774194
2025-01-09,38.27677083333334
2025-01-10,26.86125
2025-01-11,21.137083333333333
2025-01-12,25.82677083333333
2025-01-13,44.865531914893616
2025-01-14,42.81239583333333
2025-01-15,153.43395833333332
2025-01-16,31.33802083333333
2025-01-17,19.546354166666667
2025-01-18,8.011666666666667
2025-01-19,36.2840625
2025-01-20,56.770833333333336
2025-01-21,41.75447916666666
2025-01-22,25.043333333333333
2025-01-23,48.475208333333335
2025-01-24,28.505416666666665
2025-01-25,34.478854166666665
2025-01-26,28.050208333333334
2025-01-27,34.356249999999996
2025-01-28,46.54354166666667
2025-01-29,35.502291666666665
2025-01-30,19.98270833333333
2025-01-31,15.474791666666667
2025-02-01,12.03125
2025-02-02,10.1703125
2025-02-03,14.144270833333332
2025-02-04,40.25
2025-02-05,33.7634375
2025-02-06,14.871041666666665
2025-02-07,22.38864583333333
2025-02-08,12.289791666666666
2025-02-09,21.848333333333333
2025-02-10,32.379583333333336
2025-02-11,29.404375
2025-02-12,48.834270833333335
2025-02-13,31.0134375
2025-02-14,21.343958333333333
2025-02-15,20.866770833333334
2025-02-16,24.691666666666666
2025-02-17,13.080729166666666
2025-02-18,23.178854166666667
2025-02-19,126.15390625
